8.9761505,-19.594337,8.497422,1.9282818,0.023970352,6.400084
3.5665238,-4.543129,-3.9207826,2.066777,1.7258654,5.8034887
0.46436617,-2.3697038,-5.653778,0.08522792,1.4914886,4.775427
-1.7665064,1.2494801,-5.6633525,-1.8856678,-0.018643608,1.7098851
19.594337,-6.256975,-13.02619,-1.3663101,1.4675183,-16.579494
4.016528,-19.393272,2.0633178,-1.2358049,-0.063920945,3.8805337
5.1846247,-18.435816,1.3452257,2.0321534,-0.16246572,4.937893
8.1623125,-13.533641,-5.672927,1.8670242,1.2171613,7.3722153
6.094208,-3.6814184,-6.4005938,2.8977494,1.443548,7.113868
4.0069537,6.113357,-6.438892,1.5474194,1.7524991,5.9952517
4.0069537,6.113357,-6.438892,1.5474194,1.7524991,5.9952517
3.039923,18.091131,-10.115523,-1.8909945,0.22638667,1.464855
3.039923,18.091131,-10.115523,-1.8909945,0.22638667,1.464855
3.039923,18.091131,-10.115523,-1.8909945,0.22638667,1.464855
3.039923,18.091131,-10.115523,-1.8909945,0.22638667,1.464855
3.039923,18.091131,-10.115523,-1.8909945,0.22638667,1.464855
3.039923,18.091131,-10.115523,-1.8909945,0.22638667,1.464855
19.594337,-7.5974135,-12.116607,-2.737947,0.23704016,-17.90319
18.646456,-19.594337,-6.1899533,-2.309144,0.97213095,-4.7860804
4.5718527,-19.268803,4.73462,1.1931909,0.36221868,3.947118
8.66019,-15.467703,-5.3569665,2.4503028,1.014745,7.057937
6.3527207,-5.06973,-5.567607,1.9655689,0.9348438,6.3228464
6.3527207,-5.06973,-5.567607,1.9655689,0.9348438,6.3228464
3.5378,2.7048132,-4.8303657,1.2384683,0.9401705,4.080287
2.5707695,10.603826,-11.379365,-1.8403904,-1.7072217,-5.9180136
11.915541,19.603912,-13.830453,-9.407032,-2.895086,-17.415792
11.915541,19.603912,-13.830453,-9.407032,-2.895086,-17.415792
11.915541,19.603912,-13.830453,-9.407032,-2.895086,-17.415792
19.565615,-19.594337,-0.54096264,3.3558495,0.037287217,-8.988882
3.604822,-19.55604,2.4558747,0.36221868,0.36488205,3.6621373
10.211268,-19.498592,-0.9526688,1.6992317,0.4367931,5.941984
11.628304,-17.152824,-5.49101,2.381055,0.53800124,7.745087
11.628304,-17.152824,-5.49101,2.381055,0.53800124,7.745087
9.560199,-7.281453,-5.2516465,1.443548,0.8176554,8.360327
4.868664,3.6622694,-4.476107,2.309144,0.64453614,6.7303424
4.868664,3.6622694,-4.476107,2.309144,0.64453614,6.7303424
5.041006,10.048501,-6.831449,2.9377,0.73509085,3.9284744
3.844186,19.603912,-9.742115,-2.610105,-0.32226807,-4.663565
3.844186,19.603912,-9.742115,-6.4453616,-2.6900063,-17.19207
19.594337,-14.711312,-12.231501,-1.3343496,-0.950824,-16.502256
16.415585,-19.594337,4.389936,-3.038908,0.59659547,-0.7563978
16.415585,-19.594337,4.389936,0.05060408,-0.029297099,2.7992046
6.1420803,-19.43157,7.1091113,1.4462113,0.4554367,4.9645267
6.1420803,-19.43157,7.1091113,1.4462113,0.4554367,4.9645267
9.435729,-19.45072,3.5760984,1.9975294,1.3396764,6.79959
11.82937,-18.636883,-1.6516117,3.2146907,1.829737,7.5959387
10.938935,-12.518738,-5.481436,1.6219939,1.6060137,7.3296013
6.391019,-1.0867126,-5.586756,1.629984,1.1665572,5.649013
3.0877957,4.3612123,-5.950589,0.814992,0.35156518,2.71664
3.0877957,4.3612123,-5.950589,0.814992,0.35156518,2.71664
3.0877957,4.3612123,-5.950589,0.814992,0.35156518,2.71664
8.191036,19.058163,-9.426155,-1.6539544,-0.90554667,-4.3732576
8.191036,19.058163,-9.426155,-1.6539544,-0.90554667,-4.3732576
19.594337,16.185795,-15.649619,-9.002199,-1.5127956,-17.916508
19.594337,-19.594337,-14.184711,4.237426,1.9149649,-15.596709
19.594337,-19.594337,-14.184711,4.237426,1.9149649,-15.596709
15.831535,-19.594337,2.5516202,-6.245609,0.76172453,-0.27699074
15.831535,-19.594337,2.5516202,-6.245609,0.76172453,-0.27699074
15.831535,-19.594337,2.5516202,0.9534874,-0.44744658,3.2359977
15.831535,-19.594337,2.5516202,0.9534874,-0.44744658,3.2359977
10.000628,-19.594337,-0.33032233,2.03748,-0.20507969,7.5453343
12.748528,-15.94643,-3.604822,2.0268266,0.18909945,7.7903647
12.748528,-15.94643,-3.604822,2.0268266,0.18909945,7.7903647
9.359133,-9.091045,-5.0122824,2.5328672,0.21839654,7.057937
9.359133,-9.091045,-5.0122824,2.5328672,0.21839654,7.057937
5.481436,-0.85692316,-4.715471,2.4689465,0.48207045,5.941984
4.658024,5.7112255,-5.002708,0.6871501,0.76172453,2.588798
4.5622783,16.09005,-9.196365,-0.5193576,-0.522021,-8.267108
4.5622783,16.09005,-9.196365,-0.5193576,-0.522021,-8.267108
14.424075,19.603912,-12.308098,-9.028833,-3.132126,-18.457172
19.594337,-5.222923,-18.76135,1.1958543,-0.7856949,-9.894429
19.594337,-5.222923,-18.76135,1.1958543,-0.7856949,-9.894429
9.339984,-19.402847,5.7016506,-0.19975294,0.50071406,3.5662558
9.339984,-19.402847,5.7016506,-0.19975294,0.50071406,3.5662558
5.3569665,-19.594337,2.168638,1.9069748,0.3116146,5.4279532
5.3569665,-19.594337,2.168638,1.9069748,0.3116146,5.4279532
11.484685,-19.086885,-2.015445,1.7205386,0.42880297,7.2603536
13.0549135,-16.961334,-5.9314404,1.9202917,0.37287214,8.253792
9.071896,-6.5537868,-6.5059137,2.066777,0.29829773,7.4334726
5.672927,3.2984362,-5.567607,2.9723237,0.4554367,5.3560424
9.64637,19.603912,-9.464453,-7.7237806,-1.7578259,-15.881691
9.64637,19.603912,-9.464453,-7.7237806,-1.7578259,-15.881691
19.594337,11.05383,-17.736874,-3.875207,-0.02130698,-17.655497
19.594337,-19.594337,-15.467703,-1.2251514,1.12927,-2.0721037
19.594337,-19.594337,-15.467703,-1.2251514,1.12927,-2.0721037
4.2654667,-18.273048,6.7931504,2.3331144,0.17311922,3.2759483
4.2654667,-18.273048,6.7931504,2.3331144,0.17311922,3.2759483
8.028269,-18.081558,1.7186337,2.181302,0.49805066,4.7408032
8.028269,-18.081558,1.7186337,2.181302,0.49805066,4.7408032
8.717637,-16.70282,-2.0824668,2.4769366,1.5287758,5.8434396
7.6069884,-12.758101,-4.284616,2.580808,1.5420927,6.4480247
7.6069884,-12.758101,-4.284616,2.580808,1.5420927,6.4480247
4.3324885,-3.8346114,-5.2133484,2.1120543,1.0973095,6.3894305
4.3324885,-3.8346114,-5.2133484,2.1120543,1.0973095,6.3894305
7.3771987,13.476193,-12.863422,-0.28764424,-0.15181224,1.8750143
7.3771987,13.476193,-12.863422,-0.28764424,-0.15181224,1.8750143
13.811303,19.603912,-12.872996,-8.189871,-2.1227078,-11.098273
13.811303,19.603912,-12.872996,-8.189871,-2.1227078,-11.098273
19.594337,-8.095291,-15.888983,-2.7033231,1.1958543,-17.578259
19.029438,-19.594337,0.359046,0.08522792,0.35689193,-4.791407
19.029438,-19.594337,0.359046,0.08522792,0.35689193,-4.791407
6.2952733,-19.393272,6.285699,0.9002199,0.72710073,3.646157
6.2952733,-19.393272,6.285699,0.9002199,0.72710073,3.646157
5.1846247,-19.55604,4.0356774,2.3783917,1.0813292,5.262824
9.196365,-15.209189,-4.610151,1.901648,1.5554096,6.5598865
9.196365,-15.209189,-4.610151,1.901648,1.5554096,6.5598865
6.065484,-6.1899533,-6.333572,1.2144979,0.7777048,6.9833627
5.7495236,9.550624,-9.780414,1.5287758,0.89489317,3.5875628
11.025106,19.603912,-14.854931,-6.698382,-2.0188365,-12.840119
19.594337,0.0718092,-15.553873,-6.2136483,-1.3290229,-16.45698
19.45072,-19.594337,-14.931527,4.5490403,1.8004398,-3.9764152
19.45072,-19.594337,-14.931527,4.5490403,1.8004398,-3.9764152
7.0708127,-19.584763,3.7197168,-1.1825374,-1.2118345,1.5127956
4.2080193,-17.593254,4.2175937,1.4169142,0.4660902,3.3531861
8.401677,-17.765596,0.42606795,2.4529662,1.0493687,4.791407
8.401677,-17.765596,0.42606795,2.4529662,1.0493687,4.791407
9.655944,-18.53156,-3.0686467,2.2612033,1.2251514,6.176361
9.655944,-18.53156,-3.0686467,2.2612033,1.2251514,6.176361
5.672927,-0.77075213,-5.328243,1.9788858,0.97213095,6.5572233
5.672927,-0.77075213,-5.328243,1.9788858,0.97213095,6.5572233
4.198445,4.935686,-5.7016506,2.1227078,0.7883583,4.8659816
2.6282167,18.071983,-7.6740103,-1.243795,0.13050525,-1.7817962
2.6282167,18.071983,-7.6740103,-1.243795,0.13050525,-1.7817962
13.696408,19.603912,-12.202777,-6.9194417,-0.74041754,-14.488747
13.696408,19.603912,-12.202777,-6.9194417,-0.74041754,-14.488747
17.641129,-19.594337,-8.985725,4.1415443,2.309144,-2.2984905
17.641129,-19.594337,-8.985725,4.1415443,2.309144,-2.2984905
3.9399316,-19.460295,2.3314054,0.17578259,-0.84162575,2.237233
3.9399316,-19.460295,2.3314054,0.17578259,-0.84162575,2.237233
9.713391,-18.56986,-1.2111819,2.9270465,1.1479136,5.5238347
9.713391,-18.56986,-1.2111819,2.9270465,1.1479136,5.5238347
9.253813,-16.415585,-6.1995277,2.9430268,1.294399,6.9380856
7.4729443,-5.079304,-5.9697385,1.5127956,1.3769636,7.185779
7.4729443,-5.079304,-5.9697385,1.5127956,1.3769636,7.185779
5.146326,2.7814097,-5.5484576,1.8350637,0.9801211,5.926004
2.9250283,10.038927,-6.6016593,-0.0026633726,0.30628785,2.92971
8.34423,19.603912,-9.215514,-2.8977494,-1.1798741,-7.718454
19.594337,-19.594337,-4.9739842,0.8895664,-1.2038444,-10.01428
4.4090853,-19.546465,4.5910015,1.3103793,0.36221868,3.84591
10.910212,-17.870916,-3.671844,2.0907474,1.222488,7.6092553
6.2282515,1.5079932,-5.7016506,2.4103522,1.2198247,6.2775693
3.5665238,7.195282,-7.693159,0.8389624,0.6871501,3.4810278
17.660276,19.019865,-14.53897,-8.962249,-2.458293,-15.980235
19.594337,-15.228338,-13.208106,3.4490674,-0.38352564,-15.687264
7.4059224,-19.412422,2.867581,0.5513181,0.47141695,3.0468981
7.9708214,-19.32625,1.3356512,0.7777048,0.55930823,5.5105176
9.493176,-14.682589,-1.4313968,1.7711427,0.74041754,6.605164
9.493176,-14.682589,-1.4313968,1.7711427,0.74041754,6.605164
4.658024,-6.1612296,-5.8931417,1.7045584,0.8522792,5.949974
3.5090764,0.2920241,-5.653778,2.1999457,0.63388264,5.19624
3.5090764,0.2920241,-5.653778,2.1999457,0.63388264,5.19624
3.5090764,0.2920241,-5.653778,2.1999457,0.63388264,5.19624
3.777164,6.678256,-5.7112255,0.3489018,0.5326745,4.1202374
4.696322,18.65603,-7.2144313,-7.9022264,0.0,-15.575402
19.594337,-18.186878,-12.011286,2.50357,-1.2384683,-17.202723
19.594337,-18.186878,-12.011286,-5.6436863,0.59925884,0.6258925
19.594337,-18.186878,-12.011286,-5.6436863,0.59925884,0.6258925
19.594337,-18.186878,-12.011286,-5.6436863,0.59925884,0.6258925
13.399597,-19.594337,9.349558,1.6832515,0.16246572,3.688771
8.497422,-18.196451,2.1207652,2.4742732,1.7098851,6.226965
10.938935,-16.903887,-3.5378,1.7631526,1.7418456,7.4521165
8.631466,-10.632549,-7.204857,2.7699075,1.0573589,6.956729
8.631466,-10.632549,-7.204857,2.7699075,1.0573589,6.956729
5.567607,0.6271337,-6.0463347,1.9975294,1.1692206,5.148299
3.7867386,6.7357035,-6.630383,-0.69247687,0.65252626,1.0680124
3.7867386,6.7357035,-6.630383,-0.69247687,0.65252626,1.0680124
4.7058964,17.47836,-9.809137,-7.0685906,-1.3210328,-13.78828
17.593254,19.603912,-13.907049,-3.8991773,-0.15713897,-19.104372
19.594337,-10.900637,-13.763431,-1.4249043,-0.3781989,-4.0643067
18.97199,-19.594337,8.2676325,-0.013316862,0.23970354,2.4955802
6.2665496,-19.393272,7.1857076,0.65518963,0.89755654,5.542478
6.2665496,-19.393272,7.1857076,0.65518963,0.89755654,5.542478
10.661273,-17.756021,-2.2069361,2.1892922,1.0253984,7.0073333
9.445304,-9.617646,-4.3324885,2.6047783,1.629984,7.1325116
9.445304,-9.617646,-4.3324885,2.6047783,1.629984,7.1325116
5.376116,-4.0069537,-5.002708,1.6592811,1.3183694,6.591847
4.6388745,4.7920675,-5.0984535,1.2997258,1.0999728,5.302775
3.7484405,10.804892,-6.9654927,-0.3968425,0.5060408,2.0321534
8.784659,19.603912,-11.972988,-3.4490674,-0.23704016,-9.470953
19.594337,4.926111,-16.587927,-7.0020065,-1.5207857,-18.110933
19.594337,-19.594337,0.26330042,3.781989,-0.93750715,-6.9460754
7.089962,-19.53689,7.0708127,-3.196047,0.005326745,2.0321534
7.089962,-19.53689,7.0708127,-3.196047,0.005326745,2.0321534
4.7441945,-19.565615,5.3378177,0.585942,0.5513181,4.0962667
4.7441945,-19.565615,5.3378177,2.8551354,0.79901177,5.7022805
9.914457,-18.23475,-1.1537346,1.922955,1.7524991,6.762303
9.914457,-18.23475,-1.1537346,1.922955,1.7524991,6.762303
9.885734,-13.504917,-4.610151,2.4423127,1.7951131,7.0739174
7.482519,-5.682502,-5.787822,0.63121927,1.6166672,6.370787
7.482519,-5.682502,-5.787822,0.63121927,1.6166672,6.370787
3.8058877,1.4601204,-5.4718614,0.75906116,0.41548613,3.968425
7.721883,19.421995,-11.092129,-0.721774,-1.0067549,-4.5703473
19.594337,14.136839,-17.258144,-8.940942,-2.9856405,-19.011154
19.594337,-19.594337,-3.4803526,7.6252356,-1.9895393,-13.359477
11.216598,-19.594337,12.164479,-5.941984,0.07457443,1.8776777
11.216598,-19.594337,12.164479,-5.941984,0.07457443,1.8776777
11.216598,-19.594337,12.164479,0.80966526,0.76971465,3.5422854
5.634629,-19.067738,6.438892,2.5515108,1.1798741,4.868645
9.684668,-18.407093,1.4505459,2.1333613,2.373065,6.053846
8.497422,-13.533641,-1.2782038,1.6033503,2.3490946,6.5332527
6.3527207,-8.708063,-4.5335546,1.1212798,1.4781717,6.0884695
6.3527207,-8.708063,-4.5335546,1.1212798,1.4781717,6.0884695
2.0441687,3.7675896,-6.0463347,2.4423127,0.9241903,4.3093367
3.7963133,13.7730055,-9.014449,-0.386189,0.10387153,0.49805066
3.7963133,13.7730055,-9.014449,-0.386189,0.10387153,0.49805066
11.676176,19.603912,-14.481523,-4.3865747,-2.2319062,-12.270158
19.594337,-5.49101,-13.141085,-11.050333,-1.1905276,-16.717989
18.684755,-19.594337,-2.9633265,5.42529,1.4302311,-3.9657617
18.684755,-19.594337,-2.9633265,-0.25834712,-0.018643608,3.1774035
6.9654927,-19.421995,7.654861,0.3409117,0.42347625,5.734241
6.0750585,-19.57519,2.4558747,1.9096382,0.9854478,7.0606008
10.326163,-15.438979,-1.929274,3.16675,0.9961013,7.4680967
10.326163,-15.438979,-1.929274,3.16675,0.9961013,7.4680967
5.261221,0.32074776,-4.9739842,1.9575788,1.5341026,6.501292
5.261221,0.32074776,-4.9739842,1.7791328,1.4382212,4.8846254
1.2877784,12.087883,-7.0133657,-2.1227078,0.43412971,1.6033503
12.202777,19.603912,-10.469782,-1.880341,-0.5832786,-9.316477
19.594337,5.2899446,-16.808142,-7.529354,-2.2984905,-19.607748
19.3454,-19.594337,-0.4164934,4.213455,0.41548613,-7.577295
5.845269,-19.53689,8.870831,-1.2251514,0.23171341,1.8696876
5.845269,-19.53689,8.870831,-1.2251514,0.23171341,1.8696876
5.845269,-19.53689,8.870831,0.6392094,0.8709228,4.258733
6.525063,-19.498592,3.4707782,2.5222137,1.5713898,5.7582116
9.445304,-12.288948,-3.9878044,2.7645807,2.1067276,6.610491
5.7782474,-5.0314317,-5.021857,2.1200445,1.9415985,6.6158175
3.4324799,0.20585304,-5.692076,1.2651019,1.3609834,5.832786
3.059072,7.0803876,-7.003791,0.8256455,1.0493687,4.1388807
3.059072,7.0803876,-7.003791,0.8256455,1.0493687,4.1388807
3.059072,7.0803876,-7.003791,0.8256455,1.0493687,4.1388807
3.059072,7.0803876,-7.003791,0.8256455,1.0493687,4.1388807
3.059072,7.0803876,-7.003791,0.8256455,1.0493687,4.1388807
4.9452605,17.28687,-10.2016945,-7.0446205,-2.1759753,-15.596709
15.860259,-19.594337,17.449636,-4.31999,-1.1638938,0.53800124
4.887813,-19.45072,9.043172,1.9123015,1.3663101,4.487783
7.9420977,-19.106035,3.0016246,2.737947,2.567491,6.1896777
10.096374,-15.419829,-1.0292653,1.9309452,2.8897593,6.8608475
7.808054,-9.684668,-3.911208,1.400934,2.2505498,6.6025004
4.236743,-0.93351966,-5.653778,2.3331144,1.5234491,5.4013195
2.3314054,5.155901,-7.348475,-0.069247685,0.35689193,1.5181223
2.3314054,5.155901,-7.348475,-0.069247685,0.35689193,1.5181223
5.0601554,15.486852,-14.385777,-1.3822904,-4.4345155,-10.890531
17.248571,19.603912,-15.764514,-9.921062,-3.8645535,-17.732735
19.594337,-5.2899446,-15.850685,2.0721037,-1.7152119,-4.2667227
17.37304,-19.594337,10.622974,-0.79102165,0.047940705,1.8936579
5.06973,-19.278378,10.757019,2.2132626,1.4488747,3.4703743
5.06973,-19.278378,10.757019,2.2132626,1.4488747,3.4703743
7.2144313,-17.1624,6.745278,2.0348167,2.4822633,5.031111
10.230418,-18.100706,1.2590547,2.181302,2.8285017,6.464005
8.066567,-14.835781,-4.3612123,1.4302311,2.373065,6.8155704
5.4048395,-4.610151,-4.926111,1.7844596,1.6219939,6.0884695
5.4048395,-4.610151,-4.926111,1.7844596,1.6219939,6.0884695
3.451629,2.6186423,-6.611234,0.56729835,1.1852008,3.5902262
4.4473834,8.679339,-7.1665583,-0.039950587,-0.14914887,-5.3587055
8.047418,19.603912,-13.34215,-12.797505,-5.119002,-18.69155
19.594337,10.488931,-17.28687,5.390666,-0.636546,-11.559037
19.594337,-19.594337,4.811217,-3.4037902,-0.2130698,1.6113404
7.4059224,-19.594337,4.428234,0.7563978,0.07723781,2.996294
7.4059224,-19.594337,4.428234,0.7563978,0.07723781,2.996294
4.2463174,-19.441145,6.544212,2.2185893,1.0733391,4.5863276
8.066567,-18.292198,2.475024,2.02949,1.7498357,6.11244
9.263388,-16.5975,-2.2643836,2.1573317,2.0934107,7.0020065
6.3814445,-8.880404,-4.0931244,1.6140038,1.3343496,6.392094
6.3814445,-8.880404,-4.0931244,1.6140038,1.3343496,6.392094
4.3995104,0.3398969,-5.3378177,2.159995,1.1638938,4.855328
2.3984275,5.0601554,-7.1474094,-0.5752885,-0.11452502,-2.1200445
18.636883,17.689001,-16.425158,-7.678503,-4.3705945,-15.918978
19.594337,-18.818798,-11.7336235,-4.2241087,-1.6646079,-15.65264
19.594337,-18.818798,-11.7336235,1.0333885,1.7152119,-1.2278148
19.594337,-18.818798,-11.7336235,1.0333885,1.7152119,-1.2278148
16.003878,-19.594337,2.647366,0.3302582,-0.3489018,1.5633997
7.2527294,-19.45072,4.3324885,0.9108734,0.6711699,4.5144167
11.896391,-18.42624,-1.0484143,2.25854,1.5021421,7.4334726
11.475111,-10.182545,-4.83994,1.8856678,1.9575788,8.355
11.475111,-10.182545,-4.83994,1.9602422,1.4195776,7.571968
11.475111,-10.182545,-4.83994,1.9602422,1.4195776,7.571968
7.0612383,1.5941644,-5.376116,2.8764424,1.2571118,5.5744386
4.351638,6.3622956,-8.076141,-1.5980235,-0.05060408,-1.5474194
4.351638,6.3622956,-8.076141,-1.5980235,-0.05060408,-1.5474194
17.526234,17.91879,-16.0709,-2.7565906,-3.4597208,-16.550198
19.594337,-17.736874,-9.799562,1.4888252,-0.6471995,-3.8885238
18.206026,-19.594337,14.931527,-0.75107104,0.58860534,1.7791328
18.206026,-19.594337,14.931527,-0.75107104,0.58860534,1.7791328
8.755936,-19.364548,8.717637,0.75107104,1.2464584,3.603543
8.066567,-19.517742,5.414414,1.5181223,2.3890452,5.7155976
10.709146,-13.629387,-3.7388659,1.086656,2.2425597,7.678503
6.783576,-1.7282082,-5.7112255,1.8190835,1.1319333,6.735669
6.783576,-1.7282082,-5.7112255,1.8190835,1.1319333,6.735669
6.47719,5.644203,-7.654861,0.14115874,0.23171341,2.458293
6.180379,18.32092,-11.9346895,-4.4425054,-2.0241632,-10.024934
15.113443,19.498592,-13.198531,-7.878256,-1.3236961,-17.186743
19.594337,-13.332576,-15.142167,3.5982163,-1.4675183,-11.689542
19.039013,-19.594337,3.8537605,-2.5861347,-0.01065349,2.074767
5.759098,-19.402847,5.605905,1.1425868,-0.07723781,3.2972553
5.759098,-19.402847,5.605905,1.1425868,-0.07723781,3.2972553
6.525063,-19.383698,6.668681,2.0454702,1.3876171,5.0737247
10.852764,-18.416668,2.8388572,2.7725708,2.088084,6.1523905
9.847435,-14.175137,-2.6186423,2.0507967,2.1040642,6.5332527
6.4963393,-6.8793216,-5.0601554,1.8217468,1.4142509,6.032539
6.4963393,-6.8793216,-5.0601554,1.8217468,1.4142509,6.032539
3.3271596,-0.10053288,-5.5101595,2.3996987,1.3236961,4.7993975
4.5144053,6.4197426,-9.655944,-2.7113132,-0.47141695,-0.9241903
4.5144053,6.4197426,-9.655944,-2.7113132,-0.47141695,-0.9241903
7.3771987,18.7805,-10.000628,-6.2722425,-2.7965412,-14.701817
7.3771987,18.7805,-10.000628,-6.2722425,-2.7965412,-14.701817
19.594337,-19.594337,-9.569773,-3.5769093,-0.007990118,0.55930823
19.594337,-19.594337,-9.569773,-3.5769093,-0.007990118,0.55930823
14.002794,-19.594337,11.044255,0.64453614,0.08256455,2.7752342
14.002794,-19.594337,11.044255,0.64453614,0.08256455,2.7752342
4.811217,-19.259228,6.697405,0.71378386,0.9534874,4.52507
8.957002,-19.316675,3.0016246,2.6580458,1.5367659,6.631798
10.364462,-16.147495,-1.6324625,2.559501,1.8190835,7.220403
9.971905,-11.331492,-4.5910015,1.1532403,1.3450031,7.377542
9.971905,-11.331492,-4.5910015,1.1532403,1.3450031,7.377542
6.6591067,-1.7569319,-4.8973875,0.2903076,0.6605164,5.7209244
6.6591067,-1.7569319,-4.8973875,0.2903076,0.6605164,5.7209244
4.4186597,7.961247,-8.181462,-0.47940707,-0.9321804,-2.9936306
10.498506,19.603912,-11.140001,-8.123286,-2.8364918,-14.557994
10.498506,19.603912,-11.140001,-8.123286,-2.8364918,-14.557994
19.594337,15.343233,-14.117689,2.138688,-1.7018951,-15.38364
19.594337,15.343233,-14.117689,2.138688,-1.7018951,-15.38364
15.63047,-19.594337,4.7920675,2.92971,-0.35422856,1.7045584
5.38569,-19.000715,4.2080193,1.1425868,0.44744658,3.7074146
8.00912,-18.90497,3.9016335,2.966997,1.4142509,5.246844
11.072979,-13.849602,-0.9718179,1.4408846,1.973559,6.8981347
8.056993,-7.3389006,-3.5856729,1.1852008,1.6379741,6.099123
9.014449,10.852764,-11.465536,-0.6258925,0.89755654,3.824603
12.288948,19.603912,-10.651698,-2.759254,-2.8551354,-13.111783
12.288948,19.603912,-10.651698,-2.759254,-2.8551354,-13.111783
19.594337,-2.580344,-14.854931,-6.826224,-1.5793799,-16.933723
19.565615,-19.594337,10.010203,2.4316592,-1.1212798,-7.0472836
19.565615,-19.594337,10.010203,2.4316592,-1.1212798,-7.0472836
9.454879,-19.412422,3.3367343,1.1372601,0.22105992,1.6459643
9.454879,-19.412422,3.3367343,1.1372601,0.22105992,1.6459643
11.72405,-18.962418,1.6611862,2.3783917,1.4701817,5.989925
11.72405,-18.962418,1.6611862,2.3783917,1.4701817,5.989925
11.800646,-14.787909,-1.6516117,2.5062335,1.8377271,7.100551
9.0814705,-7.243155,-3.3367343,1.2331415,1.7018951,7.169799
9.0814705,-7.243155,-3.3367343,1.2331415,1.7018951,7.169799
5.605905,1.622888,-4.0931244,1.0573589,1.0014281,6.0937963
5.605905,1.622888,-4.0931244,1.0573589,1.0014281,6.0937963
4.6771727,6.094208,-6.697405,0.49006054,0.09055467,2.9456902
4.6771727,6.094208,-6.697405,0.49006054,0.09055467,2.9456902
19.594337,14.414501,-15.793238,-10.87455,-0.26367387,-18.521093
19.594337,14.414501,-15.793238,-10.87455,-0.26367387,-18.521093
19.594337,-19.594337,-10.517654,4.170841,0.950824,-11.135561
11.503835,-19.594337,4.2463174,-0.6764966,-1.4035974,1.7578259
11.503835,-19.594337,4.2463174,-0.6764966,-1.4035974,1.7578259
4.322914,-19.498592,9.2825365,1.0600222,-0.069247685,4.152198
4.322914,-19.498592,9.2825365,1.0600222,-0.069247685,4.152198
10.709146,-14.146413,-2.1399143,2.3277876,1.5261124,6.543906
10.709146,-14.146413,-2.1399143,2.3277876,1.5261124,6.543906
10.622974,-10.096374,-4.3707867,2.1333613,1.7285287,6.8581843
5.3186684,4.73462,-6.2761245,0.9987647,0.3595553,4.253406
8.143164,19.000715,-9.54105,-1.7125485,-1.1532403,-6.7889366
19.594337,-16.836864,-9.98148,4.6742187,-1.1905276,-15.253135
5.950589,-19.211355,4.121848,2.9936306,-0.17578259,2.674026
5.950589,-19.211355,4.121848,2.9936306,-0.17578259,2.674026
8.143164,-19.489017,4.1122737,1.6832515,0.90821004,4.5357237
12.633633,-17.947514,0.2154276,2.0108464,1.5767165,6.5545597
12.633633,-17.947514,0.2154276,2.0108464,1.5767165,6.5545597
7.922949,-2.408002,-3.3080106,1.3822904,1.3343496,7.3269377
7.922949,-2.408002,-3.3080106,1.3822904,1.3343496,7.3269377
6.3622956,1.8239537,-5.108028,1.4195776,0.772378,5.454587
9.818711,19.603912,-10.058076,-3.4836912,-1.7045584,-14.019993
9.818711,19.603912,-10.058076,-3.4836912,-1.7045584,-14.019993
19.594337,1.1154363,-15.956005,-9.305823,-0.92951703,-17.562279
19.527315,-19.594337,-8.526146,3.981742,1.3556566,-6.328173
19.527315,-19.594337,-8.526146,3.981742,1.3556566,-6.328173
4.7920675,-19.22093,8.095291,1.1425868,0.7777048,4.381248
4.7920675,-19.22093,8.095291,1.1425868,0.7777048,4.381248
12.90172,-19.192207,0.28244954,0.8336356,1.515459,6.847531
12.413418,-16.26239,-5.529309,4.937893,2.1333613,7.4121656
12.413418,-16.26239,-5.529309,4.937893,2.1333613,7.4121656
4.7441945,2.3697038,-5.1846247,1.1186165,0.9987647,5.3081017
4.7441945,2.3697038,-5.1846247,1.1186165,0.9987647,5.3081017
4.150572,7.769756,-6.831449,1.0333885,0.05060408,1.4035974
8.210186,18.56986,-7.788905,-0.32226807,-1.8483806,-8.091326
8.210186,18.56986,-7.788905,-0.32226807,-1.8483806,-8.091326
19.086885,19.45072,-9.6942425,-12.922684,-1.2784188,-18.118923
19.086885,19.45072,-9.6942425,-12.922684,-1.2784188,-18.118923
14.787909,-19.594337,2.752686,0.69247687,-1.0467054,2.5754812
14.787909,-19.594337,2.752686,0.69247687,-1.0467054,2.5754812
1.9867213,-19.412422,4.1792955,1.2757554,0.07191106,4.668892
8.851681,-19.144333,1.929274,4.5517035,1.0174084,5.7662015
8.066567,-12.786825,0.56011176,2.4183424,1.8057666,5.9659543
6.0750585,-5.7016506,-3.365458,0.6019222,1.5793799,6.013895
5.82612,11.015532,-8.124015,0.111861646,0.23704016,-2.6713626
5.82612,11.015532,-8.124015,0.111861646,0.23704016,-2.6713626
5.82612,11.015532,-8.124015,0.111861646,0.23704016,-2.6713626
19.594337,0.22500217,-14.213435,-0.13316862,-1.3689735,-14.755084
19.594337,0.22500217,-14.213435,-0.13316862,-1.3689735,-14.755084
19.53689,-19.594337,1.9771467,-1.723202,-0.15181224,-1.7125485
8.784659,-19.421995,9.54105,0.48739716,0.24769364,3.188057
5.7686725,-19.268803,6.639958,1.0333885,0.82298213,4.581001
5.7686725,-19.268803,6.639958,1.0333885,0.82298213,4.581001
10.383611,-18.071983,0.110107444,2.873779,1.7711427,6.248272
8.842107,-13.974071,-2.4558747,1.7498357,1.952252,6.405411
8.842107,-13.974071,-2.4558747,1.7498357,1.952252,6.405411
4.6388745,0.15798025,-4.169721,0.42880297,-0.06658431,4.128227
4.6388745,0.15798025,-4.169721,0.42880297,-0.06658431,4.128227
4.303765,5.7782474,-4.9739842,-2.7725708,-0.48739716,-1.2278148
9.100619,19.106035,-6.984642,-8.12595,-0.25834712,-16.105413
19.086885,14.567694,-10.450633,2.2931638,-0.058594197,-15.863047
19.086885,14.567694,-10.450633,2.2931638,-0.058594197,-15.863047
14.32833,-19.594337,8.171887,-6.541243,-0.48739716,0.89489317
3.4420545,-18.387943,7.329326,1.8856678,0.08522792,2.6633725
3.4420545,-18.387943,7.329326,0.37020877,1.1425868,4.2454157
10.172971,-18.69433,4.4473834,2.4636197,2.0268266,6.2962127
10.172971,-18.69433,4.4473834,2.4636197,2.0268266,6.2962127
8.947427,-9.0814705,-3.7101421,1.3529932,1.8430538,6.4373713
3.9016335,3.5569491,-5.567607,0.9028833,1.1106263,5.0790515
3.9016335,3.5569491,-5.567607,0.9028833,1.1106263,5.0790515
7.9899707,15.678343,-10.680422,-0.5699617,0.18377271,-0.3888524
15.707067,19.603912,-11.149575,-5.3720226,-3.1853936,-14.472767
15.707067,19.603912,-11.149575,-5.3720226,-3.1853936,-14.472767
18.139006,-19.594337,-6.486765,-0.07723781,1.443548,-4.402555
18.139006,-19.594337,-6.486765,0.31427795,-0.53533787,1.6779248
18.139006,-19.594337,-6.486765,0.31427795,-0.53533787,1.6779248
18.139006,-19.594337,-6.486765,0.31427795,-0.53533787,1.6779248
7.4059224,-19.594337,1.862252,2.5701544,0.8176554,6.6797385
13.820878,-18.253899,-3.7675896,2.8764424,1.3982706,7.542671
10.431483,-10.603826,-5.1176023,2.2345695,1.0786659,7.0259767
4.6388745,4.236743,-4.648449,1.7258654,0.9641409,5.7502213
4.6388745,4.236743,-4.648449,1.7258654,0.9641409,5.7502213
8.957002,15.027272,-8.861256,-0.9348438,0.33292156,0.74840766
16.214518,19.603912,-10.163396,-6.9833627,-1.0760025,-15.149263
19.594337,-9.703817,-14.232584,-4.9911604,-0.47940707,-17.311922
19.594337,-9.703817,-14.232584,3.3638396,0.098544784,-6.378777
19.029438,-19.594337,3.3558834,-1.4142509,-0.39417914,1.6433009
7.8655014,-19.32625,5.06973,0.29563436,0.2530204,3.4810278
7.8655014,-19.32625,5.06973,0.29563436,0.2530204,3.4810278
5.7782474,-18.770926,3.7197168,1.8856678,0.69514024,5.1030216
9.608071,-17.382614,-0.28244954,3.1081557,1.7471724,5.8487663
9.608071,-17.382614,-0.28244954,3.1081557,1.7471724,5.8487663
8.937852,-12.748528,-1.3356512,2.2185893,1.5314392,6.304203
6.256975,-9.598496,-4.543129,1.6912416,1.4035974,5.9073606
4.849515,7.875076,-8.717637,-0.3489018,0.81232864,4.197475
9.991054,19.603912,-7.8367777,-1.7951131,-0.5832786,-4.644922
9.991054,19.603912,-7.8367777,-7.4947305,-1.6486276,-15.8284235
9.991054,19.603912,-7.8367777,-7.4947305,-1.6486276,-15.8284235
19.594337,-19.594337,4.2271686,-6.0005784,1.1985177,0.21573317
6.2474008,-19.53689,4.2941904,0.44744658,0.1944262,3.3318791
6.2474008,-19.53689,4.2941904,0.44744658,0.1944262,3.3318791
10.71872,-18.76135,1.8718265,1.1266066,0.93750715,5.4679036
10.374036,-15.477277,-2.2835326,3.009611,1.1825374,6.671748
10.374036,-15.477277,-2.2835326,3.009611,1.1825374,6.671748
8.34423,-9.349558,-3.2409887,1.8004398,1.9549154,6.887481
5.4431376,-3.4037561,-4.7441945,2.0214999,1.4834985,6.1044497
2.561195,4.5910015,-6.017611,0.5699617,1.12927,4.7701
2.561195,4.5910015,-6.017611,0.5699617,1.12927,4.7701
5.462287,16.291115,-12.126181,-0.9801211,-0.73509085,-2.5328672
16.19537,19.603912,-11.886817,-6.5732036,-4.2507424,-16.217276
19.594337,-8.210186,-15.075146,4.7221594,-1.9629055,-13.058516
18.847523,-19.594337,10.125097,-6.242945,0.34357506,0.9881112
7.042089,-19.412422,5.0122824,-0.2530204,0.46342683,2.908403
8.00912,-19.412422,5.1176023,1.1345967,1.3556566,4.8846254
8.00912,-19.412422,5.1176023,1.1345967,1.3556566,4.8846254
10.833615,-17.085804,0.22500217,2.1706486,2.3650749,6.141737
9.320834,-12.662356,-3.2505634,1.7951131,2.1626585,6.650441
6.4293175,-6.4197426,-5.17505,0.9534874,1.8137567,6.418728
2.8101335,0.15798025,-5.9697385,0.8283089,-0.098544784,5.297448
3.2601378,5.2707953,-6.027186,2.9217198,-0.031960472,3.3318791
3.2601378,5.2707953,-6.027186,2.9217198,-0.031960472,3.3318791
2.800559,18.7805,-5.088879,-2.6979964,-0.7377542,-3.7979693
15.697492,18.914545,-9.54105,-7.801018,0.005326745,-15.330373
19.594337,-14.950676,-9.809137,0.9348438,-0.9135368,-14.179795
19.287952,-19.594337,4.0548263,-2.1333613,0.67383325,0.25834712
8.392102,-19.412422,6.3144226,0.9534874,0.407496,3.6701274
7.2240057,-18.742203,3.7005677,1.5420927,0.92685366,5.2921214
9.770839,-15.73579,-1.0388398,2.6820161,1.6246573,5.896707
9.770839,-15.73579,-1.0388398,2.6820161,1.6246573,5.896707
7.616563,-11.15915,-3.6239712,1.8989847,1.629984,6.5359163
7.616563,-11.15915,-3.6239712,1.8989847,1.629984,6.5359163
7.616563,-11.15915,-3.6239712,1.8989847,1.629984,6.5359163
7.616563,-11.15915,-3.6239712,1.8989847,1.629984,6.5359163
5.873993,-4.198445,-5.567607,1.1958543,1.5207857,6.1923413
5.5771813,12.863422,-8.746361,-1.0946461,-0.35422856,-2.2345695
19.594337,-0.47394073,-17.018782,5.3134284,-2.0028563,-15.910988
19.594337,-19.594337,3.7963133,-4.6342683,0.60991234,0.8442891
19.594337,-19.594337,3.7963133,-4.6342683,0.60991234,0.8442891
11.15915,-19.45072,11.178299,0.41548613,0.6019222,3.7873158
4.236743,-19.086885,4.504831,2.5754812,1.2997258,5.2308636
10.019777,-17.823044,-0.512239,1.829737,2.309144,6.527926
10.019777,-17.823044,-0.512239,1.829737,2.309144,6.527926
8.5740185,-13.811303,-4.6293,2.1067276,2.3384411,7.271007
8.5740185,-13.811303,-4.6293,2.1067276,2.3384411,7.271007
7.5399666,-4.7250457,-5.6154795,1.7072217,1.9282818,6.1097765
5.3186684,3.4707782,-7.0133657,-0.9774577,0.85760593,2.9217198
5.3186684,3.4707782,-7.0133657,-0.9774577,0.85760593,2.9217198
10.728295,19.603912,-8.372953,-2.9456902,-2.580808,-11.686879
19.594337,-2.101616,-11.762347,3.0202644,-2.71664,-13.620487
19.594337,-2.101616,-11.762347,3.0202644,-2.71664,-13.620487
19.57519,-19.594337,0.7324539,-2.3996987,0.87624955,1.0227351
5.414414,-19.498592,4.08355,1.0280617,0.8070019,4.503763
9.684668,-18.062408,0.76117754,2.1546683,1.5633997,5.755548
10.622974,-14.902803,-2.8771553,2.8897593,2.6154318,6.9833627
10.622974,-14.902803,-2.8771553,2.8897593,2.6154318,6.9833627
9.177217,-8.181462,-5.8165455,1.7311921,2.4849267,7.7317705
5.759098,2.6090677,-6.6591067,1.3290229,1.744509,6.778283
5.759098,2.6090677,-6.6591067,1.3290229,1.744509,6.778283
4.954835,14.912378,-11.551707,-0.9028833,-0.05060408,0.7457443
5.960164,19.603912,-7.176133,-5.912687,-1.1479136,-11.465818
19.594337,7.3389006,-13.083637,-5.068398,0.5619716,-16.227928
19.594337,-19.594337,-11.513409,5.2708144,-2.4742732,-6.549233
19.000715,-19.594337,14.883655,-3.2413244,1.0839926,2.7912145
19.000715,-19.594337,14.883655,-3.2413244,1.0839926,2.7912145
9.943181,-19.53689,5.366541,0.30628785,1.9309452,5.475894
8.564445,-19.125185,1.7569319,2.687343,2.1014009,6.312193
8.564445,-19.125185,1.7569319,2.687343,2.1014009,6.312193
11.771922,-15.96558,-2.7909844,1.9682323,2.2958272,7.5613146
11.28362,-12.9591675,-5.8165455,1.7951131,2.3464313,7.7477508
8.296356,-0.49308985,-5.38569,1.0999728,1.1106263,5.6383595
8.296356,-0.49308985,-5.38569,1.0999728,1.1106263,5.6383595
3.8537605,13.705983,-6.764427,-1.0999728,-0.32759482,0.28764424
11.838944,19.603912,-12.078308,-5.7448945,-1.3503299,-13.236961
19.594337,-7.003791,-15.123018,2.5621643,-0.6258925,-18.033695
19.546465,-19.594337,9.2825365,-2.6553824,-0.814992,-3.646157
19.546465,-19.594337,9.2825365,-2.6553824,-0.814992,-3.646157
8.181462,-19.43157,2.015445,0.59925884,-0.12517852,2.8551354
4.303765,-18.828373,5.692076,1.1852008,0.79901177,4.5010996
10.010203,-16.587927,2.6760898,1.7977765,1.994866,5.246844
8.698488,-14.491097,-1.6899099,2.7992046,1.8989847,5.776855
8.698488,-14.491097,-1.6899099,2.7992046,1.8989847,5.776855
6.515488,-9.847435,-4.5144053,0.9108734,2.1014009,6.139074
5.2037735,-5.079304,-6.3527207,1.5633997,1.7365189,5.9659543
4.236743,3.5856729,-7.35805,-0.6605164,1.0360519,3.8139496
4.0261025,15.161317,-10.220843,-2.8897593,-1.5234491,-9.383061
4.0261025,15.161317,-10.220843,-2.8897593,-1.5234491,-9.383061
14.912378,19.603912,-10.594251,-6.5146093,-1.4169142,-17.466396
19.594337,-11.101703,-11.532558,6.2935495,-0.836299,-5.42529
18.665606,-19.594337,12.375119,-3.8565636,0.42081288,2.8604622
18.665606,-19.594337,12.375119,-3.8565636,0.42081288,2.8604622
3.997379,-19.354975,5.5771813,1.6033503,1.1745473,3.9790785
10.393186,-16.990057,0.11968201,2.1839654,2.0028563,5.4146366
9.5219,-13.753856,-2.3122563,2.745937,2.5408573,5.9180136
6.936769,-6.9559183,-5.079304,0.6764966,2.644729,7.0286403
4.08355,2.5516202,-5.586756,0.7191106,1.9682323,6.0671625
4.08355,2.5516202,-5.586756,0.7191106,1.9682323,6.0671625
3.5856729,10.421909,-8.181462,0.007990118,1.0946461,3.3984635
6.7261286,19.603912,-11.245321,-4.466476,-1.4035974,-9.521557
19.594337,5.8931417,-13.983645,-3.209364,-2.8338284,-17.410467
19.594337,-19.594337,7.4729443,-0.35156518,-2.4822633,-7.292314
19.594337,-19.594337,7.4729443,-0.35156518,-2.4822633,-7.292314
10.871913,-19.594337,4.5144053,-1.7604892,1.0227351,1.3876171
3.8154624,-19.55604,4.658024,1.3130426,1.0280617,4.258733
10.517654,-19.383698,1.0005416,2.088084,1.7045584,6.077816
9.914457,-15.08472,-3.346309,2.6287487,1.8830044,6.677075
7.808054,-6.4484663,-3.7675896,0.74840766,2.223916,7.143165
7.808054,-6.4484663,-3.7675896,0.74840766,2.223916,7.143165
5.7303743,-0.93351966,-5.2420716,0.71378386,2.138688,6.2376184
3.020774,6.6878304,-8.487848,-0.9534874,0.5140309,2.7992046
3.2888615,17.535807,-9.971905,-2.0055196,-2.5222137,-8.253792
15.821961,19.019865,-11.7049,-8.37098,-2.996294,-16.326473
19.594337,-15.094295,-7.808054,2.6846795,0.18643607,-10.163429
19.594337,-15.094295,-7.808054,2.6846795,0.18643607,-10.163429
18.541136,-19.594337,5.82612,-1.8696876,-0.16246572,1.0546955
5.6154795,-19.421995,3.2984362,0.80966526,1.0786659,3.3052454
5.2899446,-19.3071,4.763344,3.2226808,1.5607363,5.43328
12.164479,-18.033684,-1.3165021,0.9774577,2.5861347,6.9247684
12.164479,-18.033684,-1.3165021,0.9774577,2.5861347,6.9247684
9.014449,-11.149575,-2.9441774,1.150577,2.436986,6.972709
7.2144313,-4.7058964,-4.658024,0.7084571,2.415679,6.09646
4.0739756,12.193203,-11.235746,-1.4142509,0.69514024,3.1347895
9.359133,19.603912,-10.565528,-1.3956072,-3.6488204,-11.260739
19.594337,2.5324712,-13.045339,-7.4814134,-3.323889,-16.867138
19.421995,-19.594337,4.619725,1.4195776,-0.92685366,-4.05898
6.2952733,-19.527315,3.4803526,-1.7285287,0.42081288,1.1692206
6.0080366,-18.378368,4.73462,0.8709228,0.79901177,3.4171069
6.0080366,-18.378368,4.73462,0.8709228,0.79901177,3.4171069
8.6697645,-18.081558,1.0388398,2.4769366,1.8057666,5.012467
8.411251,-14.366628,-0.98139244,1.5181223,2.4423127,6.1896777
7.5782647,-10.125097,-4.696322,2.1493416,2.6686993,6.5598865
7.5782647,-10.125097,-4.696322,2.1493416,2.6686993,6.5598865
5.49101,-3.1069448,-5.2707953,-0.66317976,1.8537073,6.176361
1.6611862,4.428234,-6.7931504,1.8164201,0.1944262,3.3851466
1.6611862,4.428234,-6.7931504,1.8164201,0.1944262,3.3851466
2.254809,13.763431,-10.967659,-1.693905,-3.0735319,-8.309722
13.782579,19.603912,-13.227255,-7.9448404,-3.41178,-16.89111
19.594337,-6.7357035,-12.815549,4.7940707,-2.8258383,-10.685451
19.460295,-19.594337,10.307014,-3.7580187,0.5619716,2.3570848
6.745278,-19.412422,3.8920588,1.2278148,0.46076345,4.045663
6.745278,-19.412422,3.8920588,1.2278148,0.46076345,4.045663
6.4005938,-19.594337,5.041006,2.7193034,1.3636467,6.3947573
8.966576,-12.116607,-7.654861,-3.0149376,-0.013316862,8.922298
8.55487,-0.6079846,-6.4197426,5.9872613,1.2544484,7.401512
4.772918,5.950589,-5.222923,-0.10387153,1.5101322,5.0364375
4.772918,5.950589,-5.222923,-0.10387153,1.5101322,5.0364375
3.4612036,12.442142,-9.349558,-0.7563978,-0.74840766,-1.1559037
8.755936,19.603912,-9.684668,-2.1493416,-2.8391552,-13.090476
8.755936,19.603912,-9.684668,-2.1493416,-2.8391552,-13.090476
19.594337,7.0325146,-10.996383,-6.501292,-2.096074,-17.008297
19.594337,-19.594337,-9.770839,3.3318791,1.2571118,-4.3492875
10.689997,-19.594337,3.604822,-1.3609834,-1.0786659,3.315899
4.016528,-18.493263,5.8931417,1.1612304,0.4927239,4.4558225
8.21976,-17.497509,-0.09095833,3.2706215,1.4994787,5.633033
10.2016945,-14.797483,-1.9101248,-1.3689735,2.6180952,7.2017593
3.8346114,-7.2527294,-7.999545,0.061257567,-1.4808351,7.2230663
3.8346114,-7.2527294,-7.999545,0.061257567,-1.4808351,7.2230663
5.3569665,0.0,-8.708063,3.196047,-1.0174084,4.9352293
4.715471,8.612317,-4.83994,1.0493687,-0.60991234,0.7856949
5.347392,17.210272,-3.2505634,-3.61686,0.45010996,-8.759832
12.56661,19.106035,-10.326163,-4.447832,1.0120816,-16.667385
12.56661,19.106035,-10.326163,-4.447832,1.0120816,-16.667385
19.594337,-13.188957,-8.210186,-2.887096,-0.6392094,-8.362989
6.1229315,-19.479443,5.9314404,1.9895393,0.37020877,4.4984365
5.2133484,-18.837948,2.321831,1.6992317,1.1026362,6.418728
9.579348,-15.324084,-2.5228968,2.7486005,1.4062607,7.0046697
9.579348,-15.324084,-2.5228968,2.7486005,1.4062607,7.0046697
6.5346375,-6.9176197,-5.041006,1.0733391,1.3769636,6.4586782
5.2420716,-1.9962958,-5.7686725,1.2571118,1.0387152,5.2788043
3.039923,4.610151,-6.4005938,0.17844597,-0.11985177,2.237233
3.039923,4.610151,-6.4005938,0.17844597,-0.11985177,2.237233
7.2335806,14.730461,-8.229335,-1.494152,-1.629984,-10.403133
19.594337,-15.180466,-11.130426,0.135832,-1.6832515,-7.278997
19.09646,-19.594337,5.9697385,-2.9243832,0.43146634,3.731385
19.09646,-19.594337,5.9697385,-2.9243832,0.43146634,3.731385
7.2144313,-19.421995,5.7112255,0.7297641,0.6471995,6.269579
5.500585,-19.182632,2.647366,4.2294354,0.9428339,6.890145
10.852764,-13.504917,-3.2505634,2.4050255,1.744509,7.084571
9.339984,-9.407005,-5.82612,1.3050525,2.0321534,6.9806995
9.339984,-9.407005,-5.82612,1.3050525,2.0321534,6.9806995
6.027186,1.469695,-6.410168,0.79102165,0.585942,5.2788043
6.027186,1.469695,-6.410168,0.79102165,0.585942,5.2788043
3.4324799,4.715471,-6.1995277,0.05060408,0.15447561,1.9682323
0.8760723,15.496426,-5.452712,-2.1866288,-0.55930823,-7.69981
9.014449,19.603912,-5.261221,-7.406839,-0.292971,-18.427876
19.565615,-19.594337,4.150572,3.5635924,-2.0721037,-8.568069
5.7016506,-19.55604,5.8644185,-3.315899,0.41282275,2.02949
5.7016506,-19.55604,5.8644185,-3.315899,0.41282275,2.02949
2.88673,-16.990057,7.281453,0.32226807,0.3595553,3.217354
10.220843,-19.259228,1.1824582,1.2171613,1.222488,4.855328
9.445304,-17.171974,-2.972901,2.7326202,1.1026362,6.770293
9.445304,-17.171974,-2.972901,2.7326202,1.1026362,6.770293
7.693159,-10.804892,-4.2654667,1.4408846,1.0067549,6.8741646
6.1995277,-3.7005677,-5.2899446,1.9842125,1.1772107,6.221638
4.1792955,4.131423,-4.9452605,-0.3116146,0.5726251,4.5197434
4.1792955,4.131423,-4.9452605,-0.3116146,0.5726251,4.5197434
5.8835673,13.897474,-8.679339,-0.40483263,-0.700467,-4.932566
13.744282,19.603912,-9.761265,-8.946268,-0.59925884,-17.255991
19.594337,-3.8346114,-15.180466,2.9590068,-0.15713897,-10.067548
19.594337,-3.8346114,-15.180466,2.9590068,-0.15713897,-10.067548
19.019865,-19.594337,-1.8239537,-2.8071947,-0.35422856,-0.039950587
19.019865,-19.594337,-1.8239537,-2.8071947,-0.35422856,-0.039950587
19.019865,-19.594337,-1.8239537,-2.8071947,-0.35422856,-0.039950587
5.3569665,-19.498592,1.7282082,1.0014281,-0.098544784,2.3251243
10.498506,-19.32625,-2.867581,2.394372,1.1319333,6.3627973
10.498506,-19.32625,-2.867581,2.394372,1.1319333,6.3627973
8.602742,-13.102786,-4.887813,3.2466512,1.2384683,7.24171
7.846352,-3.0303483,-4.5144053,0.8629327,1.2304782,6.6824017
5.9218655,3.6143966,-5.586756,-0.13316862,0.48207045,4.9006057
5.9218655,3.6143966,-5.586756,-0.13316862,0.48207045,4.9006057
12.174053,14.835781,-10.010203,-0.72710073,-0.13050525,-5.3560424
12.174053,14.835781,-10.010203,-0.72710073,-0.13050525,-5.3560424
16.348562,19.603912,-9.330409,-10.842589,-1.3876171,-19.248194
19.594337,-12.872996,-17.258144,8.320375,-0.9534874,-10.381826
19.594337,-12.872996,-17.258144,8.320375,-0.9534874,-10.381826
18.579435,-19.594337,6.7548523,-4.8713083,-0.90821004,2.0561235
18.579435,-19.594337,6.7548523,-4.8713083,-0.90821004,2.0561235
5.806971,-18.493263,5.3186684,1.7391822,0.8629327,5.0444274
5.806971,-18.493263,5.3186684,1.7391822,0.8629327,5.0444274
10.852764,-18.177303,-0.18670394,2.1892922,1.2704287,6.240282
11.695326,-17.47836,-2.8292825,2.5142236,2.0321534,7.809008
11.695326,-17.47836,-2.8292825,2.5142236,2.0321534,7.809008
8.679339,-5.960164,-3.6143966,0.90554667,1.4035974,7.4334726
4.9739842,2.7048132,-4.887813,1.4089241,0.79901177,3.9790785
2.9633265,5.7208,-6.027186,-1.2198247,-0.04261396,-1.4994787
2.9633265,5.7208,-6.027186,-1.2198247,-0.04261396,-1.4994787
6.8601727,18.943268,-9.272962,-3.9417913,-2.5088968,-15.881691
19.594337,-16.549627,-9.550624,-0.52468437,-2.8577988,-16.550198
19.594337,-16.549627,-9.550624,-0.52468437,-2.8577988,-16.550198
7.693159,-19.45072,4.2654667,1.8963213,-0.35156518,3.089512
7.693159,-19.45072,4.2654667,1.8963213,-0.35156518,3.089512
8.085716,-19.53689,3.6431203,2.1759753,0.80966526,5.7715282
8.085716,-19.53689,3.6431203,2.1759753,0.80966526,5.7715282
12.537887,-16.099623,-1.383524,2.4423127,1.5580729,6.78361
10.632549,-13.504917,-3.2984362,3.4783645,2.1333613,7.084571
7.46337,-4.5622783,-3.4229054,0.39151576,1.8989847,6.842204
5.146326,2.6760898,-5.5484576,1.1772107,1.0280617,5.2361903
8.918703,19.603912,-9.234664,-5.8700733,-1.4781717,-13.335506
19.594337,3.1069448,-16.128347,3.904504,-3.497008,-17.727407
19.594337,3.1069448,-16.128347,3.904504,-3.497008,-17.727407
19.594337,-19.594337,6.2378263,-4.0722966,-0.9987647,-2.2398963
19.594337,-19.594337,6.2378263,-4.0722966,-0.9987647,-2.2398963
10.814466,-19.53689,9.971905,0.4847338,-0.30895123,2.6420655
5.108028,-19.01029,7.396348,1.4462113,1.4888252,4.3093367
5.108028,-19.01029,7.396348,1.4462113,1.4888252,4.3093367
10.536804,-17.832619,2.494173,2.1493416,2.2478864,5.688964
10.536804,-17.832619,2.494173,2.1493416,2.2478864,5.688964
7.846352,-9.272962,-2.6952388,2.194619,2.6607091,6.4320445
7.846352,-9.272962,-2.6952388,2.194619,2.6607091,6.4320445
4.6771727,-1.8143792,-3.6814184,-0.57795185,1.787123,5.816806
4.6771727,-1.8143792,-3.6814184,-0.57795185,1.787123,5.816806
3.231414,3.6239712,-4.610151,0.52734774,0.6818234,3.7926426
3.3941817,13.8879,-9.675094,0.59925884,-1.1239432,-5.3427253
3.3941817,13.8879,-9.675094,0.59925884,-1.1239432,-5.3427253
19.594337,-11.82937,-16.712395,7.48674,-1.787123,-12.781525
19.594337,-11.82937,-16.712395,7.48674,-1.787123,-12.781525
19.594337,-11.82937,-16.712395,7.48674,-1.787123,-12.781525
18.847523,-19.594337,8.305931,-6.1497273,-0.5699617,0.721774
18.847523,-19.594337,8.305931,-6.1497273,-0.5699617,0.721774
5.6154795,-19.335825,6.37187,2.1014009,0.27432737,2.5515108
5.088879,-19.039013,9.024023,1.4781717,1.7604892,4.55703
5.088879,-19.039013,9.024023,1.4781717,1.7604892,4.55703
9.933606,-18.32092,1.7282082,1.8110933,2.6686993,6.048519
9.933606,-18.32092,1.7282082,1.8110933,2.6686993,6.048519
8.545295,-14.596417,-1.9579976,1.6832515,2.4982436,7.03663
6.697405,-7.961247,-4.0644007,0.43412971,1.7365189,6.610491
4.150572,0.70373017,-4.169721,0.6818234,0.91620016,5.1003585
3.690993,5.328243,-6.9654927,-1.0200717,-0.18110934,0.37020877
18.292198,17.870916,-14.213435,1.0014281,-4.4718027,-16.499594
18.148579,-19.594337,19.594337,-2.309144,1.2251514,2.6127684
6.304848,-19.125185,4.0356774,2.394372,2.3783917,6.3681235
7.808054,-7.2240057,-3.0877957,1.0253984,2.4130156,6.5172725
4.610151,-0.9718179,-4.0931244,0.6818234,1.8430538,5.047091
4.610151,-0.9718179,-4.0931244,0.6818234,1.8430538,5.047091
2.580344,3.1356685,-5.1271772,-0.12517852,0.8842397,2.0321534
1.2686293,9.330409,-6.6878304,-2.3704016,-0.7377542,-5.8247957
9.885734,19.603912,-9.100619,-6.844867,-2.2345695,-17.314585
9.885734,19.603912,-9.100619,-6.844867,-2.2345695,-17.314585
19.594337,8.583593,-14.366628,7.1964326,-3.1987104,-13.252942
11.025106,-19.594337,7.434646,-4.4851193,0.28764424,2.4503028
2.819708,-16.453882,6.0846334,1.8936579,0.62056583,3.0122743
2.819708,-16.453882,6.0846334,1.8936579,0.62056583,3.0122743
9.655944,-18.416668,2.4558747,2.4902534,1.515459,4.466476
7.7314577,-15.438979,-0.043085523,1.2651019,2.0161731,5.7821817
5.806971,-10.259142,-3.2409887,2.666036,2.309144,6.4107375
4.6005764,-3.6335456,-3.7963133,0.1464855,1.9176283,6.2376184
4.389936,1.1824582,-5.5963306,0.67916,1.5314392,5.366696
3.9686553,10.182545,-7.855927,-0.48739716,0.27699074,1.3876171
3.9686553,10.182545,-7.855927,-0.48739716,0.27699074,1.3876171
3.9686553,10.182545,-7.855927,-0.48739716,0.27699074,1.3876171
3.9686553,10.182545,-7.855927,-0.48739716,0.27699074,1.3876171
3.9686553,10.182545,-7.855927,-0.48739716,0.27699074,1.3876171
19.594337,5.002708,-14.960251,-6.2322917,-2.2185893,-18.632954
6.6016593,-19.546465,11.034681,-1.3503299,0.59659547,2.1573317
10.651698,-17.813469,2.408002,1.6166672,2.1706486,5.068398
10.651698,-17.813469,2.408002,1.6166672,2.1706486,5.068398
8.152739,-14.701737,-1.4313968,1.566063,2.2398963,6.0591726
6.094208,-10.785743,-3.604822,1.1159531,2.181302,6.634461
6.094208,-10.785743,-3.604822,1.1159531,2.181302,6.634461
4.4090853,-3.1643922,-4.6867476,0.9215269,1.5287758,6.1017866
3.671844,11.168725,-7.999545,-0.47141695,-0.5087042,0.15447561
10.182545,19.603912,-9.828286,-3.4277604,-3.188057,-13.481992
10.182545,19.603912,-9.828286,-3.4277604,-3.188057,-13.481992
19.594337,5.433563,-15.458128,-1.0573589,-1.2651019,-17.49303
19.594337,5.433563,-15.458128,-1.0573589,-1.2651019,-17.49303
9.560199,-19.546465,5.797396,-0.055930823,-0.20774306,2.3357778
9.560199,-19.546465,5.797396,-0.055930823,-0.20774306,2.3357778
4.1026993,-17.229422,6.0559096,1.3556566,0.7457443,3.4410772
8.909128,-16.836864,3.5665238,1.1612304,1.6992317,4.9219127
8.00912,-16.482605,-0.28244954,2.974987,1.8324003,5.5957456
5.8165455,-12.892146,-1.8526775,1.0946461,1.5207857,5.949974
4.198445,-7.089962,-3.3367343,1.4462113,1.2144979,5.619716
4.198445,-7.089962,-3.3367343,1.4462113,1.2144979,5.619716
3.059072,-0.023936402,-4.2271686,0.63388264,1.3503299,4.644922
4.3612123,6.9176197,-7.5208173,-1.4302311,0.13316862,0.66317976
4.3612123,6.9176197,-7.5208173,-1.4302311,0.13316862,0.66317976
9.761265,18.924118,-11.542132,-8.075346,-1.0733391,-18.252092
19.278378,12.068733,-15.161317,4.0696335,-4.2853665,-15.847067
19.278378,12.068733,-15.161317,4.0696335,-4.2853665,-15.847067
13.34215,-19.594337,10.689997,-5.454587,0.5060408,2.2505498
2.867581,-18.35922,7.9803963,1.1319333,0.5912687,3.4037902
8.181462,-19.11561,3.4324799,1.5261124,1.5474194,4.818041
9.675094,-15.534724,-0.71330476,2.602115,2.4689465,6.056509
7.9708214,-8.842107,-2.427151,1.6592811,2.9829772,6.421391
7.9708214,-8.842107,-2.427151,1.6592811,2.9829772,6.421391
3.5569491,-2.5420458,-4.1409974,-0.098544784,2.1866288,5.734241
1.2973529,1.8335283,-6.438892,0.9641409,1.2411317,3.9657617
1.2973529,1.8335283,-6.438892,0.9641409,1.2411317,3.9657617
0.56011176,9.464453,-8.593168,-0.9987647,-0.21040644,0.7457443
9.119769,19.603912,-12.710229,-5.1243286,-4.341297,-14.986797
19.594337,5.7686725,-15.6113205,-4.8020606,-2.3704016,-16.811207
19.565615,-19.594337,4.0548263,-1.1106263,-1.0387152,-1.7205386
12.298523,-19.584763,11.484685,0.73509085,0.5806152,2.4796
4.715471,-16.645372,8.612317,1.2571118,1.7205386,3.8325932
4.715471,-16.645372,8.612317,1.2571118,1.7205386,3.8325932
9.722966,-17.765596,3.384607,2.50357,3.0841854,4.873972
9.617646,-14.53897,-0.023936402,1.6566178,3.0708685,6.011232
7.4154973,-10.412334,-4.5239797,0.4367931,2.3118074,6.248272
7.4154973,-10.412334,-4.5239797,0.4367931,2.3118074,6.248272
4.08355,-3.9207826,-5.38569,-0.07723781,1.4249043,5.446597
2.034594,1.0292653,-6.525063,1.973559,-0.62056583,2.1493416
2.034594,1.0292653,-6.525063,1.973559,-0.62056583,2.1493416
10.354887,19.603912,-10.709146,-1.9629055,-2.8817692,-9.70533
19.594337,2.1399143,-18.004961,-11.409888,-2.7113132,-18.172192
19.565615,-19.594337,8.9761505,3.5422854,-3.2413244,-6.719689
8.583593,-19.364548,6.5346375,-3.1001656,0.8709228,2.4396493
8.583593,-19.364548,6.5346375,1.4542015,0.48739716,2.7645807
8.583593,-19.364548,6.5346375,1.4542015,0.48739716,2.7645807
8.727212,-14.577269,2.972901,1.3077159,1.7365189,3.7340484
7.9516726,-16.540052,-0.76117754,2.2079358,1.9176283,4.8420115
7.9516726,-16.540052,-0.76117754,2.2079358,1.9176283,4.8420115
5.797396,-12.729378,-2.6569405,2.0028563,2.03748,5.683637
4.437809,-7.12826,-3.0303483,-0.27965412,1.80843,6.040529
4.437809,-7.12826,-3.0303483,-0.27965412,1.80843,6.040529
2.7622607,-0.91437054,-4.5335546,0.71644723,0.9668042,5.068398
3.6143966,6.7931504,-7.329326,-0.52734774,0.1464855,1.1372601
10.517654,19.603912,-12.480439,-8.027405,-2.3544214,-16.95503
19.594337,9.110194,-17.516659,2.8711157,-3.0522249,-16.941713
19.594337,-19.594337,4.5718527,-3.2280076,-0.64453614,-0.85760593
19.594337,-19.594337,4.5718527,-3.2280076,-0.64453614,-0.85760593
10.785743,-19.594337,11.791071,0.9321804,0.37553552,2.3197975
3.604822,-16.520905,7.616563,1.337013,1.4142509,3.323889
7.9133744,-16.319838,3.4420545,0.9135368,2.3704016,4.953873
8.4686985,-16.549627,-0.42606795,1.672598,2.767244,5.984598
8.4686985,-16.549627,-0.42606795,1.672598,2.767244,5.984598
6.4484663,-11.15915,-2.1782124,0.564635,2.1919556,6.378777
4.322914,-5.6633525,-4.9739842,1.0839926,1.5261124,5.6170526
2.1207652,8.085716,-7.3771987,-0.8735862,0.63388264,3.6914344
10.134672,19.603912,-9.6942425,-3.153433,-0.3888524,-6.1257567
18.79965,12.767676,-10.737869,-7.3535714,-2.8178482,-17.87922
18.79965,12.767676,-10.737869,-7.3535714,-2.8178482,-17.87922
19.594337,-19.594337,-4.0644007,-0.04261396,-1.3716369,-6.804917
19.594337,-19.594337,-4.0644007,-0.04261396,-1.3716369,-6.804917
2.034594,-16.788992,6.4005938,1.8324003,0.54599136,3.017601
6.4963393,-15.333658,3.2984362,2.2478864,1.6326474,3.8272665
7.3197513,-15.745364,0.11968201,1.7897863,2.0188365,4.996487
7.3197513,-15.745364,0.11968201,1.7897863,2.0188365,4.996487
5.653778,-14.357054,-2.7718353,2.423669,1.9069748,6.0298753
3.8537605,-6.410168,-4.198445,0.55664486,1.8190835,6.035202
3.173967,1.2016073,-5.041006,0.6152391,1.2810822,5.177596
3.173967,1.2016073,-5.041006,0.6152391,1.2810822,5.177596
2.8580062,6.515488,-5.519734,-1.1266066,0.14115874,0.3968425
2.8580062,6.515488,-5.519734,-1.1266066,0.14115874,0.3968425
18.627308,17.37304,-14.012369,-2.4343226,-2.3650749,-18.462498
18.627308,17.37304,-14.012369,-2.4343226,-2.3650749,-18.462498
14.117689,-19.594337,10.29744,-5.246844,-0.30895123,1.5980235
3.1069448,-17.487934,7.9133744,1.8057666,-0.063920945,3.433087
7.7793303,-14.74961,6.1420803,1.9176283,1.6592811,3.9364645
7.7793303,-14.74961,6.1420803,1.9176283,1.6592811,3.9364645
10.058076,-16.607075,0.5313881,1.7258654,2.5914614,5.2788043
4.96441,-11.025106,-2.666515,1.5474194,2.4689465,5.6596665
3.384607,-6.7548523,-4.456958,1.0094182,1.8483806,5.776855
2.8388572,-0.16755481,-4.389936,1.7338555,1.6672713,5.076388
3.4324799,7.137835,-6.9654927,-0.26633725,1.3982706,3.574246
3.4324799,7.137835,-6.9654927,-0.26633725,1.3982706,3.574246
8.200611,19.603912,-13.859177,-0.2130698,-1.7524991,-9.044813
19.594337,12.260224,-12.413418,-8.139267,-3.9151576,-18.070982
19.594337,-19.594337,-5.653778,4.663565,-0.38352564,-5.134982
11.475111,-19.594337,7.3676243,-1.8856678,-0.6498629,3.1614232
11.475111,-19.594337,7.3676243,-1.8856678,-0.6498629,3.1614232
0.9622433,-16.38686,8.124015,1.5926968,0.74041754,3.425097
7.5591154,-15.438979,4.2175937,1.3716369,2.1759753,4.3998914
8.698488,-15.563448,0.22500217,1.7977765,2.2345695,5.563785
8.698488,-15.563448,0.22500217,1.7977765,2.2345695,5.563785
5.7782474,-10.498506,-2.6090677,0.23171341,1.8696876,5.926004
5.7782474,-10.498506,-2.6090677,0.23171341,1.8696876,5.926004
2.7431116,-4.8973875,-3.7388659,1.3876171,1.9096382,4.8633184
4.169721,17.746449,-9.349558,-2.2079358,-0.31694132,-1.8989847
4.169721,17.746449,-9.349558,-2.2079358,-0.31694132,-1.8989847
18.158154,18.608158,-9.464453,-3.7127414,-5.752885,-16.901762
19.594337,-16.0709,-7.089962,5.6996174,-2.1280346,-13.948082
19.594337,-16.0709,-7.089962,5.6996174,-2.1280346,-13.948082
15.582597,-19.594337,7.702734,-8.011425,-0.36488205,3.3212256
1.929274,-18.206026,4.9835587,2.4396493,0.21573317,3.1427796
7.156984,-18.474113,4.887813,1.7631526,1.0067549,4.623615
8.794233,-13.390023,0.8664977,1.1878642,2.0827572,5.6942906
7.922949,-12.375119,-2.8771553,2.6926696,2.6979964,5.933994
3.6239712,-4.1601467,-2.9920502,0.029297099,2.4503028,5.8088155
3.6239712,-4.1601467,-2.9920502,0.029297099,2.4503028,5.8088155
1.8335283,-1.0579889,-5.1271772,0.9028833,1.3263595,4.5703473
0.9718179,5.0601554,-6.984642,0.9215269,1.107963,2.5195503
3.997379,16.396435,-9.818711,-0.11452502,-1.171884,-6.5172725
17.296444,19.603912,-9.876159,-5.776855,-6.4506884,-16.313156
19.594337,-13.064487,-12.068733,8.490831,-3.84591,-12.238197
19.594337,-13.064487,-12.068733,8.490831,-3.84591,-12.238197
18.177303,-19.594337,15.496426,-9.739953,0.4261396,3.110819
3.7197168,-19.13476,7.4537954,1.4142509,1.0999728,3.7020879
6.2474008,-18.397518,4.0548263,2.0401435,1.4914886,5.297448
9.761265,-15.228338,-2.1303396,1.9123015,2.130698,6.0511823
8.430401,-11.819795,-3.4037561,1.58737,2.0614502,6.269579
8.430401,-11.819795,-3.4037561,1.58737,2.0614502,6.269579
4.8973875,-5.433563,-4.504831,0.9614775,1.4328945,5.7369046
2.647366,0.44521707,-4.782493,0.772378,0.9774577,4.261396
2.647366,0.44521707,-4.782493,0.772378,0.9774577,4.261396
5.5963306,16.473032,-8.794233,-1.9922026,-2.8045313,-12.448604
17.210272,19.603912,-12.528313,-10.698768,-1.1878642,-16.984327
19.594337,-14.117689,-16.319838,5.902034,0.26367387,-6.850194
19.594337,-14.117689,-16.319838,5.902034,0.26367387,-6.850194
15.8123865,-19.594337,4.5144053,0.55664486,-0.5806152,3.038908
2.321831,-17.803896,7.4920936,0.836299,0.70579374,4.045663
4.9452605,-16.463457,3.0686467,0.07457443,1.2144979,5.302775
7.702734,-16.578352,-4.150572,5.611726,1.6539544,5.3347354
6.6591067,-8.037844,-2.972901,0.039950587,1.7604892,5.598409
2.187787,-6.323997,-3.2505634,1.6992317,1.4621916,4.953873
0.91437054,-1.3356512,-3.346309,-0.20774306,0.836299,3.883197
0.91437054,-1.3356512,-3.346309,-0.20774306,0.836299,3.883197
0.0,3.4229054,-4.3803616,-2.988304,0.15447561,1.1212798
5.2037735,14.452799,-6.2474008,-0.8469525,-1.5101322,-14.02532
14.921952,19.603912,-9.091045,-1.0467054,-3.3212256,-17.972439
14.921952,19.603912,-9.091045,-1.0467054,-3.3212256,-17.972439
19.594337,-15.170891,-13.581514,-1.379627,-1.6779248,-3.6141965
17.698574,-19.594337,14.816632,-0.023970352,0.55930823,2.5142236
5.873993,-19.182632,3.365458,0.60724896,1.0680124,4.338634
10.632549,-16.626225,-1.8718265,2.4769366,1.4728451,5.8034887
10.632549,-16.626225,-1.8718265,2.4769366,1.4728451,5.8034887
10.632549,-16.626225,-1.8718265,2.4769366,1.4728451,5.8034887
7.3676243,-10.2016945,-3.0016246,1.0733391,1.7924497,6.282896
7.3676243,-10.2016945,-3.0016246,1.0733391,1.7924497,6.282896
3.0303483,-0.37819514,-6.1995277,2.3331144,1.0573589,4.834021
0.34947145,6.8410234,-8.564445,-1.3423398,-0.57795185,1.0733391
5.988888,18.483688,-10.345312,-4.277376,-2.3704016,-11.282046
5.988888,18.483688,-10.345312,-4.277376,-2.3704016,-11.282046
19.594337,14.20386,-12.987891,-4.3865747,-2.7193034,-17.778011
14.893229,-19.594337,8.650616,-0.087891296,-0.005326745,2.538194
14.893229,-19.594337,8.650616,-0.087891296,-0.005326745,2.538194
2.1973617,-18.751776,6.984642,0.74041754,1.2198247,3.8858604
7.5303917,-18.770926,1.7856555,3.0948389,1.9708956,5.153626
7.5303917,-18.770926,1.7856555,3.0948389,1.9708956,5.153626
8.593168,-14.500671,-0.8473486,2.0934107,2.2132626,5.8088155
6.630383,-10.374036,-2.8388572,-0.098544784,1.8164201,5.941984
3.4037561,-5.739949,-3.997379,1.9176283,1.1106263,5.246844
2.5037475,-1.4313968,-5.433563,0.2530204,0.72443736,4.104257
8.047418,19.603912,-9.761265,-2.5967882,-1.1452502,-3.8618903
8.047418,19.603912,-9.761265,-2.5967882,-1.1452502,-3.8618903
19.594337,10.958084,-15.525149,-8.176554,-1.3876171,-18.023043
19.594337,-19.594337,0.00478728,2.7486005,-1.9922026,-9.95835
19.594337,-19.594337,0.00478728,2.7486005,-1.9922026,-9.95835
19.594337,-19.594337,0.00478728,2.7486005,-1.9922026,-9.95835
12.298523,-19.594337,6.3431463,-1.765816,0.17578259,1.8696876
12.298523,-19.594337,6.3431463,-1.765816,0.17578259,1.8696876
8.210186,-17.449636,2.0441687,1.6779248,1.5793799,5.0604076
8.210186,-17.449636,2.0441687,1.6779248,1.5793799,5.0604076
8.133589,-14.893229,-1.2016073,2.6047783,1.9309452,5.8008256
8.181462,-13.399597,-3.690993,1.2491218,1.9762224,6.711699
8.181462,-13.399597,-3.690993,1.2491218,1.9762224,6.711699
3.9016335,-4.772918,-4.342063,1.2757554,1.2970624,5.997915
3.9016335,-4.772918,-4.342063,1.2757554,1.2970624,5.997915
5.347392,9.924032,-8.200611,-1.1186165,-0.15713897,-2.4636197
5.347392,9.924032,-8.200611,-1.1186165,-0.15713897,-2.4636197
10.345312,19.603912,-12.145329,-7.2390466,-3.5156517,-18.462498
10.345312,19.603912,-12.145329,-7.2390466,-3.5156517,-18.462498
19.594337,9.397431,-17.382614,3.0548882,-1.3236961,-16.859148
19.594337,-19.594337,4.504831,-6.5811934,-0.27432737,0.91886353
19.594337,-19.594337,4.504831,-6.5811934,-0.27432737,0.91886353
5.3378177,-19.594337,5.500585,1.3822904,0.069247685,3.17474
5.3378177,-19.594337,5.500585,1.3822904,0.069247685,3.17474
7.511243,-15.333658,0.49308985,0.73509085,1.7018951,4.98317
7.511243,-15.333658,0.49308985,0.73509085,1.7018951,4.98317
6.984642,-14.596417,-1.8814012,2.759254,1.6885782,5.497201
5.17505,-10.345312,-2.6282167,0.54599136,1.4062607,5.7875085
5.17505,-10.345312,-2.6282167,0.54599136,1.4062607,5.7875085
2.3026817,-5.5963306,-3.0686467,0.9961013,0.9002199,5.4945374
1.9771467,-0.19627848,-5.1271772,1.0094182,0.73509085,4.4291887
2.4845984,9.263388,-8.076141,-0.4261396,-0.543328,-3.0415714
19.594337,-19.594337,0.50266445,5.0018134,-0.7670513,-11.662909
1.9867213,-19.383698,7.5782647,1.0626856,0.32226807,3.8778703
1.9867213,-19.383698,7.5782647,2.2478864,1.2251514,5.0204573
1.9867213,-19.383698,7.5782647,2.2478864,1.2251514,5.0204573
1.9867213,-19.383698,7.5782647,2.2478864,1.2251514,5.0204573
8.487848,-14.9985485,-2.7239625,2.0507967,1.9762224,7.02065
8.487848,-14.9985485,-2.7239625,2.0507967,1.9762224,7.02065
6.936769,-9.818711,-4.772918,0.7297641,1.2757554,7.0046697
5.1176023,-2.2643836,-5.3378177,1.7418456,0.7191106,5.5238347
5.1176023,-2.2643836,-5.3378177,1.7418456,0.7191106,5.5238347
14.941102,19.603912,-12.049584,-5.774192,-3.1587598,-14.946847
19.594337,-3.6335456,-16.338987,-4.852665,-1.337013,-18.169527
19.594337,-3.6335456,-16.338987,-4.852665,-1.337013,-18.169527
19.460295,-19.594337,8.784659,1.7524991,-2.2532132,-5.169606
5.4048395,-19.383698,6.544212,-2.202609,-0.098544784,2.4476395
5.4048395,-19.383698,6.544212,-2.202609,-0.098544784,2.4476395
9.435729,-17.325167,2.819708,1.7897863,1.8776777,4.9059324
7.961247,-16.70282,-1.3930986,2.1573317,2.1333613,6.0511823
7.961247,-16.70282,-1.3930986,2.1573317,2.1333613,6.0511823
7.961247,-16.70282,-1.3930986,2.1573317,2.1333613,6.0511823
7.243155,-9.885734,-3.5378,1.0493687,2.3064806,6.9407487
4.6005764,-2.168638,-4.954835,1.4062607,1.2331415,6.264252
3.4707782,4.169721,-5.759098,1.5341026,0.9534874,4.596981
3.4707782,4.169721,-5.759098,1.5341026,0.9534874,4.596981
13.514492,19.603912,-11.475111,-8.810436,-3.0788586,-16.859148
13.514492,19.603912,-11.475111,-8.810436,-3.0788586,-16.859148
19.594337,-7.4250717,-17.238997,5.8887167,-1.4169142,-14.930866
19.594337,-7.4250717,-17.238997,5.8887167,-1.4169142,-14.930866
19.01029,-19.594337,9.445304,-6.1950045,-0.2823175,0.4181495
4.2080193,-19.393272,5.021857,1.7258654,-0.16779247,2.5408573
4.2080193,-19.393272,5.021857,1.7258654,-0.16779247,2.5408573
3.4803526,-18.7805,6.4197426,1.5261124,0.9747943,4.29602
3.4803526,-18.7805,6.4197426,1.5261124,0.9747943,4.29602
7.1091113,-14.30918,-2.3122563,2.2132626,2.1493416,6.077816
6.4963393,-9.62722,-3.1548176,0.88690305,1.4994787,6.421391
4.389936,-2.714388,-5.7208,1.0520321,0.9002199,5.4892106
2.494173,10.919786,-6.5537868,-2.2931638,-0.23437679,-2.3038173
19.594337,9.655944,-12.394268,4.6795454,-0.8496159,-16.539543
19.594337,-19.594337,-0.85692316,-4.234762,-0.007990118,0.35422856
9.560199,-19.594337,7.875076,0.4660902,0.063920945,3.8539002
9.560199,-19.594337,7.875076,0.4660902,0.063920945,3.8539002
2.6569405,-19.53689,6.7931504,1.6965684,0.7830315,5.854093
11.05383,-17.985811,-1.5654407,1.5207857,0.9961013,7.334928
11.05383,-17.985811,-1.5654407,1.5207857,0.9961013,7.334928
11.05383,-17.985811,-1.5654407,1.5207857,0.9961013,7.334928
11.05383,-17.985811,-1.5654407,1.5207857,0.9961013,7.334928
11.05383,-17.985811,-1.5654407,1.5207857,0.9961013,7.334928
7.741032,-10.795317,-4.476107,2.4849267,1.2757554,7.169799
4.0644007,12.135756,-7.8655014,-0.1464855,0.05326745,2.0721037
19.594337,8.612317,-12.614484,-7.907553,-0.16779247,-17.301268
19.594337,-19.594337,-6.4005938,8.120623,-1.4249043,-10.616203
12.758101,-19.594337,10.488931,-3.8885238,-0.14914887,2.4103522
3.7101421,-19.230505,6.9942164,0.17844597,0.5060408,4.112247
3.7101421,-19.230505,6.9942164,0.17844597,0.5060408,4.112247
8.296356,-19.460295,-0.5792609,2.130698,0.7883583,5.774192
9.96233,-15.391106,-3.7675896,2.0028563,1.0493687,6.9860263
6.0846334,-7.922949,-4.3324885,1.2144979,0.6978036,6.866174
3.6431203,-2.408002,-4.275041,2.3464313,0.6711699,6.0937963
3.6814184,4.2558923,-5.3186684,1.2304782,0.7457443,4.170841
3.6814184,4.2558923,-5.3186684,1.2304782,0.7457443,4.170841
6.678256,13.964497,-8.851681,-0.7563978,-0.63388264,-3.2999187
6.678256,13.964497,-8.851681,-0.7563978,-0.63388264,-3.2999187
19.594337,-0.37819514,-16.482605,2.6340754,0.59659547,-11.673562
18.962418,-19.594337,-4.5527034,-0.5806152,-0.4660902,0.7377542
3.5378,-19.460295,8.439975,0.9801211,0.7324275,3.518315
1.929274,-18.282623,6.9559183,0.9987647,1.1985177,4.7221594
7.3676243,-18.454966,-1.3643749,2.6926696,1.3822904,5.8887167
7.3676243,-18.454966,-1.3643749,2.6926696,1.3822904,5.8887167
6.6016593,-13.083637,-3.1548176,1.3343496,0.9135368,6.655768
5.0984535,-8.526146,-4.658024,1.3609834,0.47141695,6.1230936
3.0016246,-0.28244954,-4.389936,1.3290229,0.3888524,4.7594466
3.0016246,-0.28244954,-4.389936,1.3290229,0.3888524,4.7594466
2.666515,6.486765,-4.1888704,-1.1852008,-0.37287214,-0.135832
6.8410234,18.139006,-8.602742,-5.369359,-0.48207045,-15.396956
19.498592,18.598583,-10.661273,0.7883583,-0.98278445,-16.510246
15.08472,-19.594337,7.1474094,-5.478557,-0.33292156,-0.034623843
0.7324539,-18.88582,6.4197426,1.8110933,-0.38352564,2.1546683
0.7324539,-18.88582,6.4197426,1.8110933,-0.38352564,2.1546683
5.500585,-18.617733,4.96441,0.89755654,1.0227351,3.5289686
5.500585,-18.617733,4.96441,2.02949,1.201181,5.5957456
5.500585,-18.617733,4.96441,2.02949,1.201181,5.5957456
8.516571,-19.077312,-2.2069361,1.9256184,0.793685,7.0526104
5.644203,-5.1271772,-4.016528,1.6406375,0.9028833,6.6238074
3.0303483,0.7228793,-3.3941817,-0.02130698,0.19975294,5.7155976
4.322914,7.482519,-3.365458,-0.13849537,0.14382212,3.6195233
8.277207,18.914545,-4.811217,1.3769636,-0.15181224,-7.6811666
19.43157,17.420912,-11.178299,-9.662716,-0.4554367,-17.064228
19.594337,-18.033684,-14.30918,7.0739174,-0.8389624,-15.375649
19.594337,-18.033684,-14.30918,7.0739174,-0.8389624,-15.375649
13.840027,-19.594337,4.6675982,-7.316284,0.8815763,1.8936579
0.70373017,-19.45072,5.797396,0.5087042,0.38086227,3.6914344
6.0463347,-19.249653,1.1633091,2.3038173,0.6711699,5.382676
9.091045,-15.496426,-2.7239625,2.0854206,1.0014281,6.549233
9.091045,-15.496426,-2.7239625,2.0854206,1.0014281,6.549233
7.587839,-11.331492,-4.4856815,1.1905276,0.94816065,6.8608475
4.2080193,-3.4707782,-3.8154624,1.973559,0.69247687,5.8487663
2.1973617,2.3984275,-3.9016335,1.0760025,0.6764966,4.687536
2.1973617,2.3984275,-3.9016335,1.0760025,0.6764966,4.687536
2.88673,9.454879,-5.433563,-1.4302311,-0.47408032,0.0026633726
9.004874,19.603912,-7.482519,-4.3359704,-1.9123015,-15.072025
19.594337,10.230418,-14.395351,-0.9747943,-0.6471995,-15.719225
19.594337,-19.594337,-1.7473572,-2.7486005,-0.32759482,-2.394372
11.38894,-19.594337,5.1654754,1.7338555,-0.11452502,2.7352836
-0.18670394,-19.335825,7.9708214,0.9747943,0.721774,4.9565363
8.066567,-19.517742,2.0824668,1.5687264,1.0733391,6.951402
7.3867736,-5.8165455,-4.581427,2.865789,1.1825374,7.47076
7.3867736,-5.8165455,-4.581427,2.865789,1.1825374,7.47076
3.7867386,1.9771467,-4.476107,0.721774,0.5806152,6.013895
2.8580062,5.9027166,-6.094208,1.0280617,0.07990117,3.7447019
7.051664,17.708149,-7.2144313,-1.1772107,-0.61790246,-0.74041754
16.329412,19.603912,-8.258059,-6.847531,-1.0333885,-15.418263
19.594337,-14.146413,-13.859177,1.1958543,-0.69247687,-16.947039
18.071983,-19.594337,8.430401,-2.6607091,-0.09055467,-0.32493144
1.4313968,-19.163483,10.0868,1.6406375,0.11452502,3.153433
4.715471,-17.219847,8.880404,1.2331415,1.8750143,4.3865747
8.2676325,-17.91879,0.359046,1.1532403,2.4636197,5.7422314
7.511243,-17.459211,-6.0750585,3.1001656,1.5980235,7.547998
7.511243,-17.459211,-6.0750585,3.1001656,1.5980235,7.547998
6.4676156,-3.5856729,-5.0122824,1.0946461,0.9694676,6.9380856
4.1409974,2.1782124,-5.1367517,1.4408846,0.18377271,5.260161
5.3952646,11.838944,-6.975067,-1.0973095,-0.23171341,1.0999728
9.512326,19.603912,-6.0367603,-6.400084,0.045277335,-13.481992
19.594337,10.316589,-15.209189,0.44744658,-2.1999457,-18.313349
19.594337,10.316589,-15.209189,0.44744658,-2.1999457,-18.313349
19.594337,-19.594337,-1.2686293,-7.2523637,-0.015980236,-2.436986
10.316589,-19.594337,2.8771553,2.5009067,-0.48207045,1.7285287
10.316589,-19.594337,2.8771553,2.5009067,-0.48207045,1.7285287
3.2888615,-19.527315,11.408089,1.5554096,1.2251514,4.346624
9.579348,-15.63047,-0.78990126,1.9629055,2.4423127,6.7250156
9.579348,-15.63047,-0.78990126,1.9629055,2.4423127,6.7250156
8.229335,-11.025106,-5.0122824,0.3382483,1.7684793,7.0872345
4.648449,-0.5218136,-5.845269,1.3956072,0.17045584,5.774192
4.648449,-0.5218136,-5.845269,1.3956072,0.17045584,5.774192
4.6867476,5.2420716,-5.835695,-1.0760025,-0.27432737,1.3396764
7.961247,18.225176,-8.612317,-2.8338284,-1.4355578,-11.716176
16.913462,19.603912,-8.765511,-5.7502213,0.5752885,-17.948467
18.69433,-19.594337,8.650616,-0.793685,-1.8457172,-2.8071947
18.69433,-19.594337,8.650616,-0.793685,-1.8457172,-2.8071947
18.69433,-19.594337,8.650616,-0.793685,-1.8457172,-2.8071947
4.5718527,-19.393272,9.933606,1.12927,0.08256455,3.0548882
13.02619,-17.564531,-1.3165021,3.4517307,2.309144,6.9407487
9.943181,-9.41658,-3.911208,2.2931638,2.4689465,7.7317705
6.4293175,-0.7228793,-6.3431463,0.15713897,1.8430538,7.177789
6.4293175,-0.7228793,-6.3431463,0.15713897,1.8430538,7.177789
3.6239712,3.0303483,-7.5399666,0.22105992,0.19708957,5.2068934
5.347392,14.299606,-8.430401,1.3236961,-1.1186165,0.92685366
15.055996,19.603912,-9.052747,-3.5689192,-2.3837185,-12.262167
15.055996,19.603912,-9.052747,-3.5689192,-2.3837185,-12.262167
19.594337,-1.8048047,-16.013453,-4.4584856,-1.6353108,-17.60223
19.546465,-19.594337,5.376116,-1.3822904,-2.159995,-5.9393206
9.301685,-19.412422,8.918703,-1.3183694,-0.41548613,2.1919556
3.5378,-19.57519,7.808054,1.2757554,0.72443736,3.9577715
3.5378,-19.57519,7.808054,1.2757554,0.72443736,3.9577715
9.866585,-19.268803,0.7420284,0.3382483,1.4755085,6.456015
10.048501,-16.626225,-4.96441,4.016366,1.5394293,7.140502
8.315506,-7.6835847,-4.5144053,1.0893193,1.2704287,7.3322644
6.151655,-1.5367169,-6.3814445,2.096074,0.9961013,6.1151032
5.9314404,9.454879,-6.8888965,-1.4142509,0.38086227,2.7486005
9.54105,19.603912,-7.4059224,-0.61790246,-0.7777048,-10.3738365
9.54105,19.603912,-7.4059224,-0.61790246,-0.7777048,-10.3738365
19.517742,15.400681,-10.259142,-8.027405,0.40216926,-17.22403
19.594337,-19.594337,-12.3463955,3.560929,-1.4302311,-9.409696
15.08472,-19.594337,1.6899099,-3.2333343,-0.4554367,1.2837455
1.948423,-19.479443,6.333572,0.2903076,0.27965412,3.6088698
1.948423,-19.479443,6.333572,0.2903076,0.27965412,3.6088698
7.176133,-19.594337,2.2452345,2.5754812,0.59659547,5.768865
11.484685,-18.56986,-2.3697038,2.1759753,0.9961013,7.3668885
9.952756,-10.891063,-4.715471,2.4796,1.6832515,7.2603536
5.950589,-2.6856642,-4.236743,1.2704287,1.0040915,6.200331
5.950589,-2.6856642,-4.236743,1.2704287,1.0040915,6.200331
4.1888704,2.733537,-5.8835673,1.1532403,0.7324275,4.5943174
7.46337,14.108115,-9.138918,-1.5021421,-0.90554667,-4.8366847
15.419829,19.603912,-10.5080805,-8.650634,1.723202,-17.631527
19.594337,-4.8782387,-17.258144,7.0099964,-2.3890452,-14.819005
19.594337,-4.8782387,-17.258144,7.0099964,-2.3890452,-14.819005
19.374123,-19.594337,5.433563,-4.240089,-0.45277333,2.0800939
19.374123,-19.594337,5.433563,-4.240089,-0.45277333,2.0800939
2.4558747,-19.297527,8.056993,0.6818234,0.7457443,3.4197702
11.274045,-16.84644,-4.2654667,2.9190564,2.1200445,7.3029675
6.9080453,-4.543129,-4.1601467,0.37553552,1.672598,7.191106
6.9080453,-4.543129,-4.1601467,0.37553552,1.672598,7.191106
4.648449,0.5313881,-5.38569,1.2810822,0.950824,5.6436863
4.935686,6.285699,-6.9080453,0.18909945,0.6019222,3.7686722
4.935686,6.285699,-6.9080453,0.18909945,0.6019222,3.7686722
7.616563,19.192207,-10.096374,0.5752885,-0.9002199,-3.9870687
18.35922,17.593254,-10.019777,-9.513567,-2.759254,-17.07488
18.35922,17.593254,-10.019777,-9.513567,-2.759254,-17.07488
19.594337,-17.765596,-13.150659,5.8088155,-0.56729835,-9.044813
15.228338,-19.594337,4.456958,-1.8164201,-1.0973095,1.9442619